first_name,last_name,email
Shannon,Burke,shannonburke@example.net
Karina,Roberson,karinaroberson@example.org
Brian,Miller,brianmiller@example.com
Julie,Frazier,juliefrazier@example.net
Anthony,Peters,anthonypeters@example.com
Natalie,Wallace,nataliewallace@example.net
Nathaniel,Bowen,nathanielbowen@example.net
Samantha,Short,samanthashort@example.net
Timothy,Hunt,timothyhunt@example.net
Jacob,Watson,jacobwatson@example.net
Michelle,Bryan,michellebryan@example.net
Joseph,James,josephjames@example.com
Jessica,Davis,jessicadavis@example.net
Rebecca,Kramer,rebeccakramer@example.net
Thomas,Allen,thomasallen@example.com
Victoria,Rodriguez,victoriarodriguez@example.org
Ryan,Lawrence,ryanlawrence@example.com
Brianna,Mcgee,briannamcgee@example.org
Joseph,Robinson,josephrobinson@example.com
Selena,Walker,selenawalker@example.net
Clinton,Middleton,clintonmiddleton@example.org
Kendra,Young,kendrayoung@example.org
Denise,Flynn,deniseflynn@example.org
Stephen,Young,stephenyoung@example.org
Jeffrey,Stone,jeffreystone@example.com
Alyssa,Armstrong,alyssaarmstrong@example.net
Gabrielle,Marshall,gabriellemarshall@example.net
Mark,Garcia,markgarcia@example.org
Deborah,Davis,deborahdavis@example.org
Janet,Caldwell,janetcaldwell@example.com
Steven,Williams,stevenwilliams@example.net
Michael,Rogers,michaelrogers@example.org
Michael,Brandt,michaelbrandt@example.com
Patrick,Casey,patrickcasey@example.com
James,Robinson,jamesrobinson@example.net
James,Cruz,jamescruz@example.org
Morgan,Guerrero,morganguerrero@example.net
Matthew,Ball,matthewball@example.net
Cheryl,Murphy,cherylmurphy@example.org
Susan,Brock,susanbrock@example.org
Angela,Curry,angelacurry@example.com
Stephen,Carrillo,stephencarrillo@example.org
Jennifer,Hernandez,jenniferhernandez@example.com
Rachel,Miller,rachelmiller@example.net
Timothy,Reynolds,timothyreynolds@example.net
Timothy,Li,timothyli@example.org
Todd,Mcintosh,toddmcintosh@example.org
Nicholas,Davis,nicholasdavis@example.net
Christina,Little,christinalittle@example.net
William,Marshall,williammarshall@example.com
Bruce,Waller,brucewaller@example.net
John,Lang,johnlang@example.net
Jennifer,Hill,jenniferhill@example.org
Brian,Powers,brianpowers@example.net
Renee,Martinez,reneemartinez@example.net
Brenda,Fisher,brendafisher@example.org
Jodi,Reed,jodireed@example.net
Joseph,Williams,josephwilliams@example.net
Connor,Hines,connorhines@example.net
Walter,Guerra,walterguerra@example.org
Danielle,Neal,danielleneal@example.com
Pamela,Villanueva,pamelavillanueva@example.net
Dustin,Anderson,dustinanderson@example.com
Kristi,Riley,kristiriley@example.net
Tara,Adams,taraadams@example.net
Jamie,Contreras,jamiecontreras@example.net
Jason,Brown,jasonbrown@example.org
Thomas,Jones,thomasjones@example.net
Mark,Phelps,markphelps@example.net
Erica,Curtis,ericacurtis@example.com
Suzanne,Erickson,suzanneerickson@example.com
Bruce,Johnson,brucejohnson@example.com
Lauren,Taylor,laurentaylor@example.net
Phillip,Patterson,phillippatterson@example.net
Alexandria,Padilla,alexandriapadilla@example.org
Christopher,Hernandez,christopherhernandez@example.org
Amy,Young,amyyoung@example.com
Charlotte,Thomas,charlottethomas@example.org
Andrew,Shaw,andrewshaw@example.org
Adrian,Holmes,adrianholmes@example.com
Jonathan,Bowman,jonathanbowman@example.org
Caitlin,Harrell,caitlinharrell@example.org
Lauren,Hernandez,laurenhernandez@example.net
Ryan,Maxwell,ryanmaxwell@example.net
Karen,Espinoza,karenespinoza@example.net
Jonathan,Martinez,jonathanmartinez@example.org
Matthew,White,matthewwhite@example.net
Christopher,Levy,christopherlevy@example.org
Marc,Greer,marcgreer@example.net
Kevin,Brewer,kevinbrewer@example.net
Adam,Sullivan,adamsullivan@example.org
Kelly,Bass,kellybass@example.com
Leonard,Harris,leonardharris@example.com
Michele,Payne,michelepayne@example.org
Donna,Simmons,donnasimmons@example.org
Kathryn,Allen,kathrynallen@example.com
Kristi,Montgomery,kristimontgomery@example.org
Mark,Moore,markmoore@example.net
James,Ferguson,jamesferguson@example.net
Alexander,Campbell,alexandercampbell@example.net
Gregory,Fitzpatrick,gregoryfitzpatrick@example.com
Chelsea,Howard,chelseahoward@example.org
Robert,Harris,robertharris@example.com
Kimberly,Howard,kimberlyhoward@example.org
Dominic,Jordan,dominicjordan@example.com
Edward,Bryant,edwardbryant@example.com
Patrick,Mayo,patrickmayo@example.com
Jacqueline,Villanueva,jacquelinevillanueva@example.com
Christopher,Mckinney,christophermckinney@example.com
Patricia,Stanley,patriciastanley@example.org
Laura,Mitchell,lauramitchell@example.net
Melissa,Lowery,melissalowery@example.org
Charles,Ochoa,charlesochoa@example.net
Robert,Rivera,robertrivera@example.org
Glen,Wilson,glenwilson@example.com
William,Richards,williamrichards@example.com
Monica,Patterson,monicapatterson@example.net
Brittany,Wise,brittanywise@example.com
Jason,Mckay,jasonmckay@example.com
Melissa,Singh,melissasingh@example.net
Lauren,Adams,laurenadams@example.org
Arthur,Miller,arthurmiller@example.net
Melissa,Mcdonald,melissamcdonald@example.com
Jennifer,Powers,jenniferpowers@example.com
Robert,Jones,robertjones@example.org
Jeremy,Hendricks,jeremyhendricks@example.org
Gregory,Davis,gregorydavis@example.com
James,Byrd,jamesbyrd@example.net
Alexander,Palmer,alexanderpalmer@example.org
John,Bryant,johnbryant@example.org
Amy,Anthony,amyanthony@example.org
Michelle,Robertson,michellerobertson@example.org
Alicia,Neal,alicianeal@example.com
Evelyn,Lee,evelynlee@example.net
Taylor,Watson,taylorwatson@example.com
Helen,Mccarthy,helenmccarthy@example.net
Jenny,Cummings,jennycummings@example.net
Kenneth,Tyler,kennethtyler@example.net
Leroy,Vasquez,leroyvasquez@example.com
Brandon,Perez,brandonperez@example.com
Walter,Allen,walterallen@example.net
Kristen,Adams,kristenadams@example.net
Sarah,Richards,sarahrichards@example.com
Jillian,Miller,jillianmiller@example.org
Jackie,Maddox,jackiemaddox@example.net
Rebecca,White,rebeccawhite@example.net
Jennifer,Campos,jennifercampos@example.com
Jonathan,West,jonathanwest@example.com
Mark,Bush,markbush@example.com
Jessica,Alvarez,jessicaalvarez@example.com
Eric,Lambert,ericlambert@example.net
John,Perkins,johnperkins@example.org
Micheal,King,michealking@example.net
Dawn,Griffin,dawngriffin@example.org
Andrew,Reid,andrewreid@example.org
Richard,Coleman,richardcoleman@example.net
Christopher,Lane,christopherlane@example.net
Sandra,Mueller,sandramueller@example.com
Timothy,Alvarez,timothyalvarez@example.org
Tiffany,Foster,tiffanyfoster@example.com
Katie,May,katiemay@example.net
Shelby,Kennedy,shelbykennedy@example.org
Marcus,Dixon,marcusdixon@example.org
Mathew,Douglas,mathewdouglas@example.net
Cynthia,Lynn,cynthialynn@example.net
Michael,Meyer,michaelmeyer@example.com
Clayton,Norman,claytonnorman@example.net
Alicia,Ortega,aliciaortega@example.net
Frank,Richards,frankrichards@example.net
Jennifer,Hamilton,jenniferhamilton@example.com
Alicia,Steele,aliciasteele@example.net
Danielle,Myers,daniellemyers@example.net
Chad,Green,chadgreen@example.com
Destiny,Wong,destinywong@example.org
Jeffrey,Boyd,jeffreyboyd@example.net
Vincent,Chambers,vincentchambers@example.org
Dawn,Summers,dawnsummers@example.com
Timothy,Coleman,timothycoleman@example.org
Isaiah,Contreras,isaiahcontreras@example.net
Tracy,Gallegos,tracygallegos@example.net
Eric,Park,ericpark@example.com
Debra,Rasmussen,debrarasmussen@example.org
Cheryl,Mccarthy,cherylmccarthy@example.com
Megan,Smith,megansmith@example.org
Valerie,Stokes,valeriestokes@example.com
Christopher,Evans,christopherevans@example.net
Heather,Hughes,heatherhughes@example.org
Michael,Haley,michaelhaley@example.org
David,Harris,davidharris@example.net
Andrew,Pena,andrewpena@example.com
Heather,Becker,heatherbecker@example.com
Rachel,Gonzalez,rachelgonzalez@example.net
Charles,Huang,charleshuang@example.net
Jason,Davenport,jasondavenport@example.net
Theodore,House,theodorehouse@example.com
Jeffrey,Koch,jeffreykoch@example.org
Gabrielle,Welch,gabriellewelch@example.com
Jason,Smith,jasonsmith@example.org
Ryan,Martinez,ryanmartinez@example.net
Joann,Guerrero,joannguerrero@example.org
Alexander,Hernandez,alexanderhernandez@example.com
Andrew,Arnold,andrewarnold@example.com
Stacey,Sullivan,staceysullivan@example.com
Kevin,Graham,kevingraham@example.net
Tamara,White,tamarawhite@example.com
Brittany,Lee,brittanylee@example.net
Angela,Lopez,angelalopez@example.org
Keith,Raymond,keithraymond@example.org
Charles,Frank,charlesfrank@example.net
Timothy,Sanchez,timothysanchez@example.com
Peter,Smith,petersmith@example.com
Ryan,Bass,ryanbass@example.net
Richard,Sanchez,richardsanchez@example.org
Susan,Chavez,susanchavez@example.org
Cynthia,Hale,cynthiahale@example.org
Stephanie,Carpenter,stephaniecarpenter@example.net
Lori,Rios,loririos@example.com
Michael,West,michaelwest@example.org
Megan,Beck,meganbeck@example.net
Jennifer,Fisher,jenniferfisher@example.net
Austin,Cantu,austincantu@example.org
Anna,Hopkins,annahopkins@example.com
Lori,Spears,lorispears@example.org
David,Wilcox,davidwilcox@example.org
Nathan,Young,nathanyoung@example.net
Alicia,Lawrence,alicialawrence@example.net
Jeffrey,Flores,jeffreyflores@example.org
Matthew,Michael,matthewmichael@example.org
Ryan,Lopez,ryanlopez@example.org
John,Nguyen,johnnguyen@example.com
Bradley,Campbell,bradleycampbell@example.net
Kimberly,Green,kimberlygreen@example.com
Andrew,Trevino,andrewtrevino@example.com
Robert,Jackson,robertjackson@example.com
James,Wu,jameswu@example.net
Christopher,Martinez,christophermartinez@example.com
Rebecca,Mitchell,rebeccamitchell@example.com
Casey,Freeman,caseyfreeman@example.net
Jeffery,Vasquez,jefferyvasquez@example.net
James,Abbott,jamesabbott@example.net
Lisa,Lawson,lisalawson@example.net
Eduardo,Carter,eduardocarter@example.org
Debbie,Weaver,debbieweaver@example.org
Taylor,Armstrong,taylorarmstrong@example.org
Jesse,Stewart,jessestewart@example.org
Larry,Cooper,larrycooper@example.net
April,Garner,aprilgarner@example.org
Erica,Trujillo,ericatrujillo@example.org
Laura,Berry,lauraberry@example.com
Emily,Vasquez,emilyvasquez@example.com
Lisa,Sherman,lisasherman@example.net
Donald,Harris,donaldharris@example.net
Vanessa,Hanna,vanessahanna@example.com
Caitlin,Jimenez,caitlinjimenez@example.org
Alexander,Harper,alexanderharper@example.net
Joseph,Vazquez,josephvazquez@example.org
Kimberly,Wood,kimberlywood@example.org
Kevin,Cummings,kevincummings@example.org
Jose,Perez,joseperez@example.com
Jessica,Bailey,jessicabailey@example.org
Jared,Wright,jaredwright@example.org
Jesse,Adams,jesseadams@example.com
Karen,Reed,karenreed@example.org
Elijah,Garza,elijahgarza@example.org
Edward,Schmitt,edwardschmitt@example.com
Teresa,Gilbert,teresagilbert@example.com
James,Atkinson,jamesatkinson@example.net
Kathryn,Anderson,kathrynanderson@example.net
Shawn,Wilkinson,shawnwilkinson@example.org
Daniel,Williamson,danielwilliamson@example.org
Stephen,Holloway,stephenholloway@example.net
Timothy,Castro,timothycastro@example.net
Robert,Watts,robertwatts@example.com
Maureen,Johnson,maureenjohnson@example.net
David,Cobb,davidcobb@example.org
Joseph,King,josephking@example.com
Nathan,Yang,nathanyang@example.org
Christopher,Martin,christophermartin@example.net
Matthew,Benjamin,matthewbenjamin@example.com
Richard,Swanson,richardswanson@example.org
Kathy,Harris,kathyharris@example.org
Deborah,Tran,deborahtran@example.net
Justin,Yang,justinyang@example.net
Sara,Thompson,sarathompson@example.com
Meredith,Contreras,meredithcontreras@example.net
Kelly,Dixon,kellydixon@example.org
Geoffrey,Evans,geoffreyevans@example.org
Sherry,Hanson,sherryhanson@example.net
Antonio,Baker,antoniobaker@example.com
Kelly,Anderson,kellyanderson@example.net
Isaac,Conway,isaacconway@example.net
Anthony,Schroeder,anthonyschroeder@example.com
Kenneth,Ross,kennethross@example.net
Robert,Kane,robertkane@example.net
David,Foster,davidfoster@example.org
Gregory,Bush,gregorybush@example.com
Carrie,Williams,carriewilliams@example.com
David,Williams,davidwilliams@example.com
Michael,Smith,michaelsmith@example.net
David,Johnson,davidjohnson@example.com
David,Matthews,davidmatthews@example.com
Lindsay,Price,lindsayprice@example.org
Kelly,Perez,kellyperez@example.net
Mitchell,Case,mitchellcase@example.org
Mark,Cooke,markcooke@example.net
Jonathan,Mckenzie,jonathanmckenzie@example.com
Shannon,Moore,shannonmoore@example.org
Hannah,Werner,hannahwerner@example.org
Christopher,Nelson,christophernelson@example.net
Christina,Brown,christinabrown@example.com
Susan,Carter,susancarter@example.com
Amy,Soto,amysoto@example.org
Lauren,Hall,laurenhall@example.org
Eric,Morgan,ericmorgan@example.com
Lisa,Meyer,lisameyer@example.net
James,Hutchinson,jameshutchinson@example.org
Don,Harris,donharris@example.net
John,Carr,johncarr@example.com
William,Jones,williamjones@example.net
Ryan,Shaw,ryanshaw@example.org
Michael,Donovan,michaeldonovan@example.org
Anthony,Simon,anthonysimon@example.com
David,Bishop,davidbishop@example.org
Robert,Hartman,roberthartman@example.com
Ryan,Ryan,ryanryan@example.org
Caitlin,Anderson,caitlinanderson@example.org
Tina,Herring,tinaherring@example.com
Jenna,Mcdaniel,jennamcdaniel@example.net
Belinda,Lewis,belindalewis@example.com
Jacob,Simmons,jacobsimmons@example.net
Jason,Sanchez,jasonsanchez@example.net
Tyler,Williams,tylerwilliams@example.org
James,Valdez,jamesvaldez@example.org
Kyle,Galloway,kylegalloway@example.org
Anthony,Green,anthonygreen@example.org
Lisa,Leblanc,lisaleblanc@example.com
Meghan,Vasquez,meghanvasquez@example.org
Melanie,Robinson,melanierobinson@example.net
Richard,Rowe,richardrowe@example.org
Jeffrey,Rowe,jeffreyrowe@example.com
Barbara,Gardner,barbaragardner@example.org
Erik,Powers,erikpowers@example.com
Catherine,Wells,catherinewells@example.net
Alex,Thompson,alexthompson@example.net
Monica,Maynard,monicamaynard@example.com
Christopher,Fuentes,christopherfuentes@example.org
Jessica,Page,jessicapage@example.org
Thomas,Crawford,thomascrawford@example.net
Christopher,Munoz,christophermunoz@example.com
Julia,Smith,juliasmith@example.com
Sharon,Thomas,sharonthomas@example.net
Stephanie,Crawford,stephaniecrawford@example.com
Jeremy,Preston,jeremypreston@example.com
Brandon,Daniel,brandondaniel@example.net
Valerie,Brown,valeriebrown@example.net
Danielle,Hernandez,daniellehernandez@example.org
Christopher,Martinez,christophermartinez@example.com
Felicia,Galvan,feliciagalvan@example.net
Yolanda,Young,yolandayoung@example.net
Leon,Wilson,leonwilson@example.com
Allison,Haas,allisonhaas@example.org
Aaron,Johnson,aaronjohnson@example.net
Kathryn,Villanueva,kathrynvillanueva@example.net
Kimberly,Ortiz,kimberlyortiz@example.org
Daniel,Johnson,danieljohnson@example.com
Donna,Howard,donnahoward@example.org
Susan,Vaughn,susanvaughn@example.net
Carrie,Richard,carrierichard@example.com
Lauren,Garza,laurengarza@example.com
Michelle,Cruz,michellecruz@example.net
Susan,Rodriguez,susanrodriguez@example.org
Joseph,Preston,josephpreston@example.net
Samuel,Davis,samueldavis@example.net
Patrick,Baker,patrickbaker@example.net
Ann,Wright,annwright@example.net
Sarah,Flores,sarahflores@example.com
Brad,White,bradwhite@example.com
Ashley,Rowland,ashleyrowland@example.net
Theresa,Hood,theresahood@example.org
Frank,Day,frankday@example.net
Alyssa,Vazquez,alyssavazquez@example.org
Laurie,Jordan,lauriejordan@example.net
Sarah,Dominguez,sarahdominguez@example.net
Emily,Lewis,emilylewis@example.org
Gwendolyn,Dennis,gwendolyndennis@example.com
James,Williams,jameswilliams@example.net
Maria,Mahoney,mariamahoney@example.com
Theresa,Torres,theresatorres@example.org
Ashley,Morales,ashleymorales@example.net
Andrew,Sutton,andrewsutton@example.net
Timothy,Medina,timothymedina@example.com
Stephanie,Turner,stephanieturner@example.com
Henry,Joseph,henryjoseph@example.net
Tony,Lewis,tonylewis@example.net
Jake,Liu,jakeliu@example.net
Alan,Ross,alanross@example.com
Janet,Payne,janetpayne@example.org
Mario,Murray,mariomurray@example.org
Kristin,Burnett,kristinburnett@example.com
Austin,Espinoza,austinespinoza@example.org
Joshua,Hernandez,joshuahernandez@example.net
Jason,Adams,jasonadams@example.net
Adrian,Collins,adriancollins@example.net
Samuel,Morgan,samuelmorgan@example.org
Joseph,Gray,josephgray@example.net
Melissa,Wilson,melissawilson@example.net
Lance,Poole,lancepoole@example.org
Katherine,Taylor,katherinetaylor@example.com
Paul,Gates,paulgates@example.org
Angela,Doyle,angeladoyle@example.org
Jennifer,West,jenniferwest@example.net
Christina,Burnett,christinaburnett@example.org
Isaac,Rodriguez,isaacrodriguez@example.net
Kristin,Ray,kristinray@example.net
Barry,Odonnell,barryodonnell@example.org
Joanna,Miller,joannamiller@example.com
James,Butler,jamesbutler@example.net
Richard,Jackson,richardjackson@example.net
Carly,Gardner,carlygardner@example.net
Kayla,Thomas,kaylathomas@example.net
Olivia,Brooks,oliviabrooks@example.org
Vincent,Noble,vincentnoble@example.org
David,Richmond,davidrichmond@example.net
Richard,Ford,richardford@example.net
Jacob,Miller,jacobmiller@example.net
Joseph,Baker,josephbaker@example.net
Jackson,Roberts,jacksonroberts@example.org
Melissa,Summers,melissasummers@example.net
Kylie,Ramirez,kylieramirez@example.net
Randy,Ross,randyross@example.net
Raymond,Fleming,raymondfleming@example.com
Stephanie,Garcia,stephaniegarcia@example.net
Whitney,Davis,whitneydavis@example.org
Bryan,Carroll,bryancarroll@example.net
Bonnie,Boyd,bonnieboyd@example.net
Kathryn,Cervantes,kathryncervantes@example.com
Russell,Ford,russellford@example.net
Robert,Estes,robertestes@example.org
Amanda,Estrada,amandaestrada@example.net
Danielle,Guzman,danielleguzman@example.com
Laura,Austin,lauraaustin@example.com
Nathan,Stuart,nathanstuart@example.net
Jennifer,Smith,jennifersmith@example.com
Patricia,Harrington,patriciaharrington@example.net
Gabriel,Keith,gabrielkeith@example.net
Philip,Dudley,philipdudley@example.org
Glenn,Armstrong,glennarmstrong@example.net
Jacob,Sloan,jacobsloan@example.net
Tracy,Peterson,tracypeterson@example.com
Charles,Wolf,charleswolf@example.com
Terry,Butler,terrybutler@example.net
Mary,Meza,marymeza@example.net
John,Briggs,johnbriggs@example.com
Antonio,Williams,antoniowilliams@example.org
Jocelyn,Campos,jocelyncampos@example.net
Tyler,Bennett,tylerbennett@example.net
Julie,Green,juliegreen@example.com
Louis,Anderson,louisanderson@example.net
Hannah,Donaldson,hannahdonaldson@example.org
Kristie,Crawford,kristiecrawford@example.com
Brett,Scott,brettscott@example.com
Savannah,Marsh,savannahmarsh@example.org
Michael,Rogers,michaelrogers@example.net
Nichole,Thomas,nicholethomas@example.com
Michael,Gonzalez,michaelgonzalez@example.net
Patricia,Powers,patriciapowers@example.net
Matthew,Haynes,matthewhaynes@example.net
Elizabeth,Lewis,elizabethlewis@example.net
Alison,Gregory,alisongregory@example.org
Daniel,Cruz,danielcruz@example.net
Shannon,Price,shannonprice@example.net
Sharon,Smith,sharonsmith@example.org
Amber,Martin,ambermartin@example.org
Eric,Montoya,ericmontoya@example.com
Lauren,Patterson,laurenpatterson@example.net
Anne,Robinson,annerobinson@example.net
Shawn,King,shawnking@example.net
Tyler,Kelly,tylerkelly@example.com
Christine,Perkins,christineperkins@example.org
Samuel,Smith,samuelsmith@example.org
Matthew,Ramirez,matthewramirez@example.com
Ann,Branch,annbranch@example.org
Cynthia,Thompson,cynthiathompson@example.net
Daniel,Copeland,danielcopeland@example.net
Dustin,Snow,dustinsnow@example.com
Nicole,Flores,nicoleflores@example.com
Derek,Jacobs,derekjacobs@example.net
Alicia,Turner,aliciaturner@example.net
Christy,Lopez,christylopez@example.com
John,Miller,johnmiller@example.com
Martin,Mccall,martinmccall@example.net
Marissa,Holder,marissaholder@example.com
Margaret,Tyler,margarettyler@example.net
Miranda,Johnson,mirandajohnson@example.org
Michael,Davis,michaeldavis@example.net
Kyle,Singh,kylesingh@example.net
Shane,Garcia,shanegarcia@example.org
Ashley,Brown,ashleybrown@example.net
Jessica,Ellis,jessicaellis@example.com
Eric,Riley,ericriley@example.net
Justin,Miller,justinmiller@example.org
Mary,Hanson,maryhanson@example.org
Curtis,Alvarado,curtisalvarado@example.net
Sue,Miller,suemiller@example.net
Paula,Contreras,paulacontreras@example.com
Amy,Johnson,amyjohnson@example.com
Jason,West,jasonwest@example.net
Keith,Clark,keithclark@example.net
Jason,Clark,jasonclark@example.com
Melissa,Johnson,melissajohnson@example.org
Timothy,Gonzales,timothygonzales@example.org
Nathan,Bennett,nathanbennett@example.org
Anthony,Aguirre,anthonyaguirre@example.com
Donald,Sanchez,donaldsanchez@example.com
Donna,Guzman,donnaguzman@example.net
Tiffany,Velez,tiffanyvelez@example.com
Christopher,Brown,christopherbrown@example.org
Harold,Mitchell,haroldmitchell@example.org
Jesse,Barnes,jessebarnes@example.net
Raymond,Krueger,raymondkrueger@example.org
Dylan,Williams,dylanwilliams@example.org
Kurt,Sanchez,kurtsanchez@example.com
Andrea,Wilson,andreawilson@example.com
Joseph,Mayer,josephmayer@example.com
Michael,Oneill,michaeloneill@example.com
Malik,Reese,malikreese@example.com
Meghan,Ware,meghanware@example.net
Theresa,Peterson,theresapeterson@example.net
Lisa,Gray,lisagray@example.net
Andres,Mcdowell,andresmcdowell@example.net
Alison,Bennett,alisonbennett@example.org
Brandy,Moore,brandymoore@example.net
Matthew,Ponce,matthewponce@example.org
Eric,Rubio,ericrubio@example.com
Raven,Bailey,ravenbailey@example.com
Russell,Malone,russellmalone@example.org
Kathryn,Graham,kathryngraham@example.com
Joseph,Sampson,josephsampson@example.org
Melissa,Keller,melissakeller@example.com
Riley,Vincent,rileyvincent@example.com
William,Schneider,williamschneider@example.org
Wendy,Mejia,wendymejia@example.net
Manuel,White,manuelwhite@example.com
Ruben,Hunt,rubenhunt@example.net
Cathy,Pierce,cathypierce@example.com
Jerry,Williams,jerrywilliams@example.org
Samantha,Payne,samanthapayne@example.net
Scott,Mitchell,scottmitchell@example.net
Michael,Jones,michaeljones@example.org
James,Kemp,jameskemp@example.org
Joshua,Cooper,joshuacooper@example.net
Regina,Wheeler,reginawheeler@example.com
Edward,Cook,edwardcook@example.com
Harold,Barrett,haroldbarrett@example.net
Albert,Moore,albertmoore@example.org
Lori,Dunn,loridunn@example.com
Tommy,Fox,tommyfox@example.org
Justin,Chase,justinchase@example.net
Dennis,Greene,dennisgreene@example.com
Richard,Williams,richardwilliams@example.net
Kristine,Garcia,kristinegarcia@example.net
Jose,Coleman,josecoleman@example.net
Karen,Newton,karennewton@example.net
Danielle,Hicks,daniellehicks@example.org
Edward,Monroe,edwardmonroe@example.com
Tracy,Johnson,tracyjohnson@example.org
Sophia,Jones,sophiajones@example.com
Evan,Duncan,evanduncan@example.net
Anthony,Mason,anthonymason@example.net
Summer,Sims,summersims@example.net
Angela,Rojas,angelarojas@example.org
Julie,Levy,julielevy@example.com
Tammie,Ferguson,tammieferguson@example.org
Amanda,Anderson,amandaanderson@example.com
Jason,Dunn,jasondunn@example.net
Cheryl,Garcia,cherylgarcia@example.com
David,Johnson,davidjohnson@example.com
Sheila,Moreno,sheilamoreno@example.org
Brian,Koch,briankoch@example.org
Jacob,Montgomery,jacobmontgomery@example.org
Christina,Henderson,christinahenderson@example.com
Albert,Carson,albertcarson@example.org
Sandra,Mcdaniel,sandramcdaniel@example.com
Xavier,Moreno,xaviermoreno@example.net
Douglas,Wise,douglaswise@example.net
Erica,Mills,ericamills@example.com
Marcus,Russell,marcusrussell@example.com
David,Hopkins,davidhopkins@example.com
Antonio,Proctor,antonioproctor@example.net
Michelle,Rodriguez,michellerodriguez@example.org
Terry,Johnston,terryjohnston@example.org
Barbara,Cole,barbaracole@example.net
Cameron,Contreras,cameroncontreras@example.net
Michael,Wilson,michaelwilson@example.com
Donald,Anderson,donaldanderson@example.org
Jasmine,Lewis,jasminelewis@example.net
Katherine,Michael,katherinemichael@example.net
Kathy,Villa,kathyvilla@example.com
Maria,Escobar,mariaescobar@example.net
Christine,Salazar,christinesalazar@example.org
Victoria,Lara,victorialara@example.net
Randy,Bowers,randybowers@example.com
Crystal,Mendoza,crystalmendoza@example.com
Brooke,Sullivan,brookesullivan@example.net
Julie,Gill,juliegill@example.net
Lauren,Glover,laurenglover@example.org
Tina,Cole,tinacole@example.com
Justin,Weaver,justinweaver@example.org
Andre,Reynolds,andrereynolds@example.com
Angela,Salinas,angelasalinas@example.net
Angela,Bright,angelabright@example.org
Johnny,Reyes,johnnyreyes@example.net
Sylvia,Lawson,sylvialawson@example.com
Deborah,Brady,deborahbrady@example.org
Tina,Davies,tinadavies@example.com
Anthony,Mann,anthonymann@example.org
Lance,Bailey,lancebailey@example.net
Thomas,Compton,thomascompton@example.net
Christopher,Lee,christopherlee@example.org
Samuel,Stephens,samuelstephens@example.net
Todd,Brady,toddbrady@example.org
Tony,Gonzalez,tonygonzalez@example.com
Kelly,Peterson,kellypeterson@example.com
Valerie,Webb,valeriewebb@example.org
Jeremy,Mccullough,jeremymccullough@example.org
Frank,Cochran,frankcochran@example.org
Janice,Hahn,janicehahn@example.net
Leslie,Jackson,lesliejackson@example.net
Brian,Miles,brianmiles@example.org
Katherine,Mitchell,katherinemitchell@example.org
Joseph,Reed,josephreed@example.com
Morgan,Davis,morgandavis@example.org
Sonya,Taylor,sonyataylor@example.org
Amber,Cook,ambercook@example.net
Thomas,Rodriguez,thomasrodriguez@example.com
Pamela,Grant,pamelagrant@example.org
Angela,Soto,angelasoto@example.com
Debra,Richard,debrarichard@example.com
Virginia,Campbell,virginiacampbell@example.com
Colton,Brock,coltonbrock@example.com
David,Ortiz,davidortiz@example.net
Randy,Anderson,randyanderson@example.org
Damon,Turner,damonturner@example.org
Susan,Weaver,susanweaver@example.com
Peter,Martinez,petermartinez@example.org
Karen,French,karenfrench@example.com
Lisa,Smith,lisasmith@example.com
Lori,Brown,loribrown@example.net
Adam,Summers,adamsummers@example.org
Eric,Payne,ericpayne@example.com
Anna,Baker,annabaker@example.net
James,Richardson,jamesrichardson@example.org
Kenneth,Ramirez,kennethramirez@example.com
Melinda,Parker,melindaparker@example.net
Lauren,Marks,laurenmarks@example.com
Katie,Edwards,katieedwards@example.net
Samantha,Boyd,samanthaboyd@example.net
Christopher,Branch,christopherbranch@example.org
Aaron,Higgins,aaronhiggins@example.net
Keith,Hoover,keithhoover@example.net
Taylor,Anderson,tayloranderson@example.net
Carmen,Sheppard,carmensheppard@example.net
Patrick,Thomas,patrickthomas@example.net
David,Huang,davidhuang@example.org
Jordan,Moore,jordanmoore@example.org
Elaine,Barton,elainebarton@example.com
John,Vaughn,johnvaughn@example.com
Vicki,Reyes,vickireyes@example.org
Christian,Barber,christianbarber@example.org
Natasha,Jackson,natashajackson@example.net
Allison,Baxter,allisonbaxter@example.net
Linda,Mitchell,lindamitchell@example.org
James,Harris,jamesharris@example.org
Ronald,Harris,ronaldharris@example.net
Laura,Alexander,lauraalexander@example.org
Christina,Cox,christinacox@example.org
Carl,Davis,carldavis@example.com
Kelly,Wright,kellywright@example.com
Bobby,Hodge,bobbyhodge@example.org
Thomas,Pham,thomaspham@example.org
James,Shepard,jamesshepard@example.org
Heather,Benton,heatherbenton@example.net
Edwin,Rivera,edwinrivera@example.net
Sophia,Mitchell,sophiamitchell@example.com
Corey,Jones,coreyjones@example.com
Rebecca,Acosta,rebeccaacosta@example.net
Matthew,Middleton,matthewmiddleton@example.org
Lori,Gomez,lorigomez@example.org
Kimberly,Roth,kimberlyroth@example.org
Charles,Potts,charlespotts@example.org
Phillip,Zimmerman,phillipzimmerman@example.net
Stacey,Watson,staceywatson@example.net
Roger,Taylor,rogertaylor@example.net
Matthew,Knight,matthewknight@example.com
Lucas,Edwards,lucasedwards@example.net
Robert,Todd,roberttodd@example.com
Amber,Garcia,ambergarcia@example.net
Kimberly,Nelson,kimberlynelson@example.net
Darren,Porter,darrenporter@example.net
Jessica,Snyder,jessicasnyder@example.net
Kevin,Richard,kevinrichard@example.org
Travis,Frost,travisfrost@example.org
Sonya,Morrow,sonyamorrow@example.net
Vanessa,Taylor,vanessataylor@example.org
John,Williams,johnwilliams@example.com
Joe,Mcdonald,joemcdonald@example.com
Richard,Moore,richardmoore@example.org
Lisa,Parker,lisaparker@example.com
Sara,Fleming,sarafleming@example.org
Raymond,Hendrix,raymondhendrix@example.net
Brenda,Pearson,brendapearson@example.org
Austin,Goodman,austingoodman@example.net
Rachel,Hogan,rachelhogan@example.net
Shannon,Horton,shannonhorton@example.com
David,Gutierrez,davidgutierrez@example.org
Larry,Smith,larrysmith@example.com
Penny,Davis,pennydavis@example.com
Michael,Duke,michaelduke@example.org
Jacob,Castaneda,jacobcastaneda@example.org
Christina,Lee,christinalee@example.com
Devon,Bell,devonbell@example.org
Derrick,Poole,derrickpoole@example.net
Hunter,Gomez,huntergomez@example.org
Matthew,Green,matthewgreen@example.org
Nathan,Bird,nathanbird@example.org
Michael,Rodriguez,michaelrodriguez@example.net
Garrett,Harrington,garrettharrington@example.net
Eugene,White,eugenewhite@example.net
Jesus,Smith,jesussmith@example.com
Jeffrey,Lewis,jeffreylewis@example.net
Antonio,Cooper,antoniocooper@example.com
William,Nichols,williamnichols@example.com
Michael,Cain,michaelcain@example.com
Jessica,Reynolds,jessicareynolds@example.org
Brandon,Nelson,brandonnelson@example.com
Alexandra,Walton,alexandrawalton@example.com
Sarah,Russell,sarahrussell@example.org
Leslie,Williams,lesliewilliams@example.org
Thomas,Rivera,thomasrivera@example.net
Sarah,Collins,sarahcollins@example.com
Brittany,Murphy,brittanymurphy@example.org
Jason,Jones,jasonjones@example.net
Derek,Brandt,derekbrandt@example.com
Craig,Cortez,craigcortez@example.org
Jeffery,Martin,jefferymartin@example.com
James,Glover,jamesglover@example.net
Jason,Wilkins,jasonwilkins@example.org
James,Rodriguez,jamesrodriguez@example.org
Christopher,Doyle,christopherdoyle@example.net
Melody,Stewart,melodystewart@example.net
Scott,Jones,scottjones@example.org
Jennifer,Brown,jenniferbrown@example.com
Zachary,Roberts,zacharyroberts@example.org
Christopher,Caldwell,christophercaldwell@example.org
Joshua,Scott,joshuascott@example.org
Elizabeth,Todd,elizabethtodd@example.net
Kelly,Hernandez,kellyhernandez@example.com
Allison,Smith,allisonsmith@example.net
Bonnie,Sanchez,bonniesanchez@example.net
Casey,Castro,caseycastro@example.org
Jenna,Garcia,jennagarcia@example.net
Sharon,Long,sharonlong@example.net
Johnny,Mack,johnnymack@example.net
Robert,Williams,robertwilliams@example.com
Sean,Carlson,seancarlson@example.com
Debra,Nguyen,debranguyen@example.org
Tanya,Turner,tanyaturner@example.net
Lisa,Quinn,lisaquinn@example.org
Paul,Henry,paulhenry@example.com
Cristina,Rush,cristinarush@example.com
James,Washington,jameswashington@example.net
Mark,Reyes,markreyes@example.org
Grace,Freeman,gracefreeman@example.org
Keith,Anderson,keithanderson@example.net
Christina,Taylor,christinataylor@example.com
Lisa,Collins,lisacollins@example.net
Tamara,Smith,tamarasmith@example.org
Paula,Hall,paulahall@example.org
Bill,Patterson,billpatterson@example.net
Brandon,Stewart,brandonstewart@example.net
Marco,Adams,marcoadams@example.net
Ronnie,Jensen,ronniejensen@example.net
Holly,Bass,hollybass@example.com
Virginia,Clark,virginiaclark@example.net
Kerri,Brown,kerribrown@example.net
Mary,Franklin,maryfranklin@example.org
Richard,Oneal,richardoneal@example.org
Melanie,Miller,melaniemiller@example.net
Robin,Lyons,robinlyons@example.org
Eric,Jimenez,ericjimenez@example.org
Maria,Ross,mariaross@example.org
Teresa,Walter,teresawalter@example.com
Renee,Wallace,reneewallace@example.com
Kristin,Rodriguez,kristinrodriguez@example.com
Andrew,Randall,andrewrandall@example.org
Amanda,Sanchez,amandasanchez@example.com
Craig,Rodriguez,craigrodriguez@example.org
Melissa,Buchanan,melissabuchanan@example.org
Donald,Li,donaldli@example.org
Yolanda,Rose,yolandarose@example.org
Becky,Marsh,beckymarsh@example.com
Rachel,Meyers,rachelmeyers@example.com
Joanna,Murphy,joannamurphy@example.org
Ryan,Hawkins,ryanhawkins@example.net
Latoya,Smith,latoyasmith@example.net
Dustin,Cardenas,dustincardenas@example.com
Peter,Ryan,peterryan@example.org
Johnny,Bowen,johnnybowen@example.net
Bailey,Hamilton,baileyhamilton@example.org
Christina,Coleman,christinacoleman@example.com
Tracy,Arroyo,tracyarroyo@example.org
Benjamin,Mayo,benjaminmayo@example.com
Christopher,Flores,christopherflores@example.com
Justin,Scott,justinscott@example.org
Douglas,Gonzalez,douglasgonzalez@example.com
Jacqueline,Smith,jacquelinesmith@example.org
Carla,Davidson,carladavidson@example.net
Jennifer,Weaver,jenniferweaver@example.org
Helen,Meyer,helenmeyer@example.net
Tracy,Reed,tracyreed@example.com
Christopher,Ayala,christopherayala@example.org
Scott,Curtis,scottcurtis@example.net
Sandra,Dougherty,sandradougherty@example.net
Raymond,Rodriguez,raymondrodriguez@example.org
Melanie,Walker,melaniewalker@example.org
Linda,Khan,lindakhan@example.org
Nicole,Huang,nicolehuang@example.net
Joshua,Bird,joshuabird@example.net
Megan,Clark,meganclark@example.com
Wayne,Pennington,waynepennington@example.com
Stephanie,Watson,stephaniewatson@example.org
Austin,Dyer,austindyer@example.net
Jeremy,Callahan,jeremycallahan@example.net
Caitlin,Campbell,caitlincampbell@example.org
Beth,Santos,bethsantos@example.org
Marcus,Colon,marcuscolon@example.org
Thomas,Lopez,thomaslopez@example.org
Melissa,Miranda,melissamiranda@example.net
April,Green,aprilgreen@example.net
Kimberly,Santos,kimberlysantos@example.com
Erika,Boone,erikaboone@example.org
Alyssa,Lee,alyssalee@example.com
Matthew,Thompson,matthewthompson@example.com
James,Hawkins,jameshawkins@example.net
Erin,King,erinking@example.org
Paula,Stone,paulastone@example.com
Katherine,Byrd,katherinebyrd@example.net
Kevin,Scott,kevinscott@example.com
Andrew,Greene,andrewgreene@example.net
Dustin,Kennedy,dustinkennedy@example.net
Charles,Reeves,charlesreeves@example.org
Cody,Hinton,codyhinton@example.org
Jeffrey,Moreno,jeffreymoreno@example.com
Jason,Mccormick,jasonmccormick@example.net
Jordan,Freeman,jordanfreeman@example.com
Debra,Brown,debrabrown@example.org
Thomas,Acosta,thomasacosta@example.com
Isabel,Morgan,isabelmorgan@example.net
Jennifer,Sullivan,jennifersullivan@example.com
Leslie,Lynn,leslielynn@example.net
Suzanne,Williams,suzannewilliams@example.com
Linda,Ross,lindaross@example.net
Adam,Boyle,adamboyle@example.org
Gina,Barry,ginabarry@example.com
Jonathan,Pearson,jonathanpearson@example.com
Teresa,Garcia,teresagarcia@example.com
Dylan,Johns,dylanjohns@example.com
Tammy,Davis,tammydavis@example.org
Lisa,Gray,lisagray@example.net
Roger,King,rogerking@example.net
Jose,Santos,josesantos@example.org
Kimberly,Lopez,kimberlylopez@example.org
Bryan,Wood,bryanwood@example.com
Stephen,Brown,stephenbrown@example.net
Pedro,Berry,pedroberry@example.org
Jennifer,Smith,jennifersmith@example.com
Austin,Boyd,austinboyd@example.org
Shane,Green,shanegreen@example.com
Amy,Roberts,amyroberts@example.net
Kenneth,Johnson,kennethjohnson@example.com
Andrew,Durham,andrewdurham@example.net
William,Jackson,williamjackson@example.org
Crystal,Swanson,crystalswanson@example.net
Joseph,Roberson,josephroberson@example.org
Michelle,White,michellewhite@example.org
Cheyenne,Reyes,cheyennereyes@example.com
Cynthia,Soto,cynthiasoto@example.org
Kelly,Brewer,kellybrewer@example.com
Patricia,Hicks,patriciahicks@example.net
Leonard,Cox,leonardcox@example.org
Alexandra,Douglas,alexandradouglas@example.net
Pamela,Hayes,pamelahayes@example.com
Chad,Smith,chadsmith@example.org
Erin,Thomas,erinthomas@example.org
Paul,Wilson,paulwilson@example.net
Michelle,Sullivan,michellesullivan@example.net
Amber,Hill,amberhill@example.com
Roberto,Salazar,robertosalazar@example.org
Sergio,Beck,sergiobeck@example.org
Jimmy,Holmes,jimmyholmes@example.com
Susan,Anderson,susananderson@example.com
Justin,Jackson,justinjackson@example.com
Janice,Fuller,janicefuller@example.com
Daniel,Boone,danielboone@example.org
Bobby,Hobbs,bobbyhobbs@example.net
Michael,Huff,michaelhuff@example.com
Shawn,Joseph,shawnjoseph@example.com
Scott,Bradshaw,scottbradshaw@example.com
Alejandro,Cobb,alejandrocobb@example.net
Brandy,Burton,brandyburton@example.org
Ryan,Ryan,ryanryan@example.net
Kyle,Li,kyleli@example.org
Scott,Fowler,scottfowler@example.com
Robert,Hernandez,roberthernandez@example.net
Todd,Allen,toddallen@example.com
Karen,Miller,karenmiller@example.com
Sharon,Porter,sharonporter@example.net
Christopher,Smith,christophersmith@example.net
William,Jones,williamjones@example.com
Rodney,Martinez,rodneymartinez@example.com
Nathan,Roy,nathanroy@example.net
Justin,Jenkins,justinjenkins@example.net
Gregory,Moore,gregorymoore@example.com
Jasmine,Barker,jasminebarker@example.org
Mary,Boyd,maryboyd@example.org
George,Webb,georgewebb@example.net
Amy,Ballard,amyballard@example.org
Diane,Reyes,dianereyes@example.net
John,Welch,johnwelch@example.org
Christopher,Freeman,christopherfreeman@example.net
Paul,Hernandez,paulhernandez@example.net
Carol,Lutz,carollutz@example.net
Christine,Hall,christinehall@example.net
Shelly,Young,shellyyoung@example.net
Jeffrey,Melendez,jeffreymelendez@example.com
Donald,Robles,donaldrobles@example.net
Patrick,Brooks,patrickbrooks@example.net
Kimberly,Padilla,kimberlypadilla@example.com
Oscar,Wright,oscarwright@example.com
Denise,Sanders,denisesanders@example.org
Scott,Buchanan,scottbuchanan@example.org
Keith,Humphrey,keithhumphrey@example.org
Gary,Wyatt,garywyatt@example.org
Kevin,Wright,kevinwright@example.net
Eric,Klein,ericklein@example.com
William,Kirby,williamkirby@example.net
Nicole,Holmes,nicoleholmes@example.net
Dennis,Guzman,dennisguzman@example.com
Alex,Johnson,alexjohnson@example.com
Sandra,Wright,sandrawright@example.net
Micheal,Larson,micheallarson@example.com
James,Hill,jameshill@example.org
Paul,Jimenez,pauljimenez@example.net
Hunter,Williams,hunterwilliams@example.com
Melanie,Taylor,melanietaylor@example.net
Matthew,Bautista,matthewbautista@example.org
Gary,Clark,garyclark@example.net
Brenda,Ayala,brendaayala@example.org
Robert,Garrett,robertgarrett@example.org
Jessica,Adams,jessicaadams@example.org
Eric,Ferguson,ericferguson@example.net
Christopher,Gomez,christophergomez@example.com
Jake,Zhang,jakezhang@example.org
Sharon,Hicks,sharonhicks@example.net
Amber,Brown,amberbrown@example.org
Timothy,Chase,timothychase@example.net
Christopher,Morgan,christophermorgan@example.com
John,Brady,johnbrady@example.net
Joseph,Powell,josephpowell@example.net
Miranda,Hill,mirandahill@example.com
Ryan,Francis,ryanfrancis@example.com
Jason,Thomas,jasonthomas@example.com
Aaron,Martinez,aaronmartinez@example.com
Katelyn,Young,katelynyoung@example.com
Donald,Richardson,donaldrichardson@example.net
Lauren,Ramsey,laurenramsey@example.org
April,Hess,aprilhess@example.net
Katelyn,Perez,katelynperez@example.net
Gregory,Brown,gregorybrown@example.net
Juan,Hicks,juanhicks@example.org
Walter,Simmons,waltersimmons@example.org
Micheal,Thompson,michealthompson@example.com
Michele,West,michelewest@example.com
Gail,Gordon,gailgordon@example.net
Jeremy,Jensen,jeremyjensen@example.org
Adam,Woodard,adamwoodard@example.org
Michael,Jackson,michaeljackson@example.org
Sandy,Ramirez,sandyramirez@example.com
Dylan,Forbes,dylanforbes@example.org
Brandi,Carr,brandicarr@example.org
Stephen,Davis,stephendavis@example.org
Joseph,Page,josephpage@example.net
Jeffrey,Cain,jeffreycain@example.net
Adrian,Bell,adrianbell@example.net
Martin,Perez,martinperez@example.org
Walter,Hale,walterhale@example.com
Yvette,Campbell,yvettecampbell@example.org
Bonnie,Hurley,bonniehurley@example.com
David,Johnston,davidjohnston@example.com
Kimberly,King,kimberlyking@example.org
James,Williams,jameswilliams@example.net
Jenna,Hicks,jennahicks@example.org
Melissa,Mooney,melissamooney@example.org
Christopher,Taylor,christophertaylor@example.com
Ryan,Nelson,ryannelson@example.org
William,Hurley,williamhurley@example.org
Robert,Gallegos,robertgallegos@example.org
Hannah,Ross,hannahross@example.com
Donald,Pacheco,donaldpacheco@example.org
Samuel,Day,samuelday@example.com
Kerri,Jones,kerrijones@example.net
Zachary,Fisher,zacharyfisher@example.org
James,Ochoa,jamesochoa@example.net
Roberta,King,robertaking@example.net
Kayla,Mckinney,kaylamckinney@example.com
Regina,Meyer,reginameyer@example.net
Ashley,Bean,ashleybean@example.net
Jaclyn,Christensen,jaclynchristensen@example.net
Dustin,Phillips,dustinphillips@example.com
Jennifer,Page,jenniferpage@example.com
Elizabeth,Garcia,elizabethgarcia@example.com
Tina,Taylor,tinataylor@example.com
Lee,Cook,leecook@example.org
Anthony,Lee,anthonylee@example.net
James,Ashley,jamesashley@example.org
Justin,Kelly,justinkelly@example.org
Matthew,Bray,matthewbray@example.com
Edward,Reyes,edwardreyes@example.net
Robert,Smith,robertsmith@example.com
Tina,Spencer,tinaspencer@example.net
Alison,Johnson,alisonjohnson@example.net
Sheila,Mclean,sheilamclean@example.net
Jillian,Gardner,jilliangardner@example.com
Arthur,Green,arthurgreen@example.com
Pamela,Martinez,pamelamartinez@example.com
Tammy,Jackson,tammyjackson@example.net
Renee,Jones,reneejones@example.org
Brittany,Williams,brittanywilliams@example.org
Jay,Baker,jaybaker@example.net
George,Vega,georgevega@example.net
Robert,Wang,robertwang@example.org
Anthony,Mckenzie,anthonymckenzie@example.net
Tina,Smith,tinasmith@example.com
Derek,Palmer,derekpalmer@example.org
Melissa,Hall,melissahall@example.org
Earl,Wallace,earlwallace@example.org
Hannah,Martinez,hannahmartinez@example.com
Kristopher,Potter,kristopherpotter@example.net
Sonya,Jensen,sonyajensen@example.com
Matthew,White,matthewwhite@example.net
Ricardo,Long,ricardolong@example.net
Rodney,Ramirez,rodneyramirez@example.org
Stacey,Fletcher,staceyfletcher@example.org
William,Walker,williamwalker@example.net
Stacey,Edwards,staceyedwards@example.net
Jose,Lucas,joselucas@example.org
David,West,davidwest@example.com
Christina,Weber,christinaweber@example.net
Marvin,Klein,marvinklein@example.com
Renee,Sullivan,reneesullivan@example.net
Brooke,Stewart,brookestewart@example.org
Christopher,Pierce,christopherpierce@example.net
Tony,Barber,tonybarber@example.com
Michael,Lane,michaellane@example.org
Karen,Harris,karenharris@example.net
Michael,Good,michaelgood@example.com
Frank,Smith,franksmith@example.org
James,Warren,jameswarren@example.org
Cody,Fleming,codyfleming@example.com
John,Johnson,johnjohnson@example.org
Nathaniel,Hernandez,nathanielhernandez@example.com
Victor,Williams,victorwilliams@example.org
Jason,Sanchez,jasonsanchez@example.net
Jose,Young,joseyoung@example.org
Shaun,Cisneros,shauncisneros@example.com
Sylvia,Holland,sylviaholland@example.com
Charles,Wood,charleswood@example.org
Nicole,Hatfield,nicolehatfield@example.com
Patrick,Ryan,patrickryan@example.com
Joseph,Daniels,josephdaniels@example.org
Douglas,Kane,douglaskane@example.org
Brian,Williams,brianwilliams@example.org
David,Moses,davidmoses@example.com
Chris,Atkinson,chrisatkinson@example.org
Chelsey,Martinez,chelseymartinez@example.org
Samantha,Harris,samanthaharris@example.org
Wayne,Keith,waynekeith@example.org
Stephanie,Young,stephanieyoung@example.com
Edward,Haynes,edwardhaynes@example.org
Kristen,Bryant,kristenbryant@example.net
Natalie,Blair,natalieblair@example.net
Teresa,Jones,teresajones@example.com
Michelle,Hill,michellehill@example.net
Sean,Williams,seanwilliams@example.com
Sarah,Alvarado,sarahalvarado@example.com
Joseph,Buckley,josephbuckley@example.net
Janice,Chavez,janicechavez@example.com
Victoria,Walker,victoriawalker@example.net
Lisa,Campbell,lisacampbell@example.org
David,Robinson,davidrobinson@example.org
Andrea,Watson,andreawatson@example.com
Claudia,Holmes,claudiaholmes@example.com
Maria,Cox,mariacox@example.org
Monica,Kline,monicakline@example.com
Tara,Sandoval,tarasandoval@example.org
Matthew,Green,matthewgreen@example.com
Patrick,Young,patrickyoung@example.com
Cindy,Bradley,cindybradley@example.net
Ian,Bartlett,ianbartlett@example.net
Charles,Thompson,charlesthompson@example.com
Mark,Scott,markscott@example.org
Christine,Sanders,christinesanders@example.net
Christina,Patrick,christinapatrick@example.org
Mary,Mejia,marymejia@example.org
Cynthia,Dodson,cynthiadodson@example.org
Kristi,Higgins,kristihiggins@example.net
Gary,Harper,garyharper@example.org
April,Peters,aprilpeters@example.org
Courtney,Barker,courtneybarker@example.org
Ruth,Murray,ruthmurray@example.net
Christopher,Olson,christopherolson@example.com
John,Zamora,johnzamora@example.net
Kevin,Nelson,kevinnelson@example.com
Larry,Jackson,larryjackson@example.org
Carl,Kelly,carlkelly@example.org
Krista,Sharp,kristasharp@example.org
Matthew,Mitchell,matthewmitchell@example.net
Penny,Chandler,pennychandler@example.org
Corey,Griffin,coreygriffin@example.net
Jacob,Porter,jacobporter@example.com
Christopher,Combs,christophercombs@example.com
Jessica,Callahan,jessicacallahan@example.org
Alexa,Smith,alexasmith@example.org
Devin,Washington,devinwashington@example.org
Gabrielle,Brown,gabriellebrown@example.net
Brittany,Doyle,brittanydoyle@example.net
Hailey,Baker,haileybaker@example.org
Andrew,Elliott,andrewelliott@example.com
Kristina,Evans,kristinaevans@example.org
John,Patterson,johnpatterson@example.org
Natasha,Johnson,natashajohnson@example.com
Abigail,Collins,abigailcollins@example.com
Kayla,Kramer,kaylakramer@example.net
Ellen,Guzman,ellenguzman@example.net
Brad,Gray,bradgray@example.com
Jordan,Brown,jordanbrown@example.org
Lisa,Thomas,lisathomas@example.net
Glenda,Barker,glendabarker@example.com
Karen,Brown,karenbrown@example.org
Dustin,French,dustinfrench@example.org
Angela,Simmons,angelasimmons@example.org
Steven,Bowers,stevenbowers@example.net
Michael,Gonzalez,michaelgonzalez@example.org
Elizabeth,Alexander,elizabethalexander@example.com
Taylor,Taylor,taylortaylor@example.org
Carmen,Hahn,carmenhahn@example.net
Madison,Richards,madisonrichards@example.com
Christopher,Williams,christopherwilliams@example.net
Michelle,Boyle,michelleboyle@example.net
Ronald,Williams,ronaldwilliams@example.org
Jesus,Lambert,jesuslambert@example.net
Christine,Strong,christinestrong@example.org
Keith,Burch,keithburch@example.org
Bradley,Calderon,bradleycalderon@example.net
Jason,White,jasonwhite@example.net
Cindy,Garcia,cindygarcia@example.com
Christopher,Moore,christophermoore@example.net
Nicholas,Luna,nicholasluna@example.org
Deborah,Lucero,deborahlucero@example.net
Jessica,Lawrence,jessicalawrence@example.org
Sherri,Owens,sherriowens@example.net
Laurie,Patel,lauriepatel@example.com
Caleb,Gilbert,calebgilbert@example.com
Phillip,Bates,phillipbates@example.org
Samantha,Wright,samanthawright@example.com
Stacey,Conner,staceyconner@example.com
Mindy,Rios,mindyrios@example.com
Christopher,Mendoza,christophermendoza@example.net
Jeffrey,Walton,jeffreywalton@example.org
Brianna,Fields,briannafields@example.net
John,Singleton,johnsingleton@example.net
Troy,Figueroa,troyfigueroa@example.com
Christopher,Rodriguez,christopherrodriguez@example.org
Taylor,Williams,taylorwilliams@example.net
Janet,Price,janetprice@example.net
David,Hawkins,davidhawkins@example.org
Taylor,Watkins,taylorwatkins@example.org
Robert,Garcia,robertgarcia@example.com
Sarah,Hunt,sarahhunt@example.org
Desiree,Roberson,desireeroberson@example.net
Jonathan,Hoffman,jonathanhoffman@example.net
Jane,Burgess,janeburgess@example.org
Jessica,Chambers,jessicachambers@example.com
Scott,Dominguez,scottdominguez@example.com
Derek,Scott,derekscott@example.org
Samuel,Wilson,samuelwilson@example.net
Juan,Cochran,juancochran@example.net
Jordan,Wilson,jordanwilson@example.com
Jessica,Delgado,jessicadelgado@example.org
Cody,Wilcox,codywilcox@example.com
Rodney,Woodard,rodneywoodard@example.com
Christopher,Fleming,christopherfleming@example.org
Brandy,Barnes,brandybarnes@example.org
Matthew,Zhang,matthewzhang@example.net
Kevin,Pierce,kevinpierce@example.org
Donald,Willis,donaldwillis@example.org
Joseph,Simmons,josephsimmons@example.org
John,Massey,johnmassey@example.com
David,Owens,davidowens@example.org
Carmen,Williams,carmenwilliams@example.com
Ronald,Howard,ronaldhoward@example.org
Michelle,Wilcox,michellewilcox@example.com
Jeffrey,Collins,jeffreycollins@example.org
Ashley,Jennings,ashleyjennings@example.org
Tommy,Mcdowell,tommymcdowell@example.org
Kenneth,Thompson,kenneththompson@example.org
Crystal,Becker,crystalbecker@example.com
Joshua,Lee,joshualee@example.net
Clinton,Nelson,clintonnelson@example.com
Katherine,Garcia,katherinegarcia@example.net
Jonathan,Stein,jonathanstein@example.net
Amber,Flores,amberflores@example.com
Katherine,Allen,katherineallen@example.org
Nicholas,Lopez,nicholaslopez@example.com
Michele,Baker,michelebaker@example.com
Sean,Nichols,seannichols@example.org
Haley,Vasquez,haleyvasquez@example.org
Krista,Kline,kristakline@example.com
Andrew,Gutierrez,andrewgutierrez@example.net
Steven,Arias,stevenarias@example.net
Joshua,Rogers,joshuarogers@example.com
Theresa,Jackson,theresajackson@example.org
Robert,Wade,robertwade@example.org
Ricardo,Gonzales,ricardogonzales@example.net
Lucas,Adkins,lucasadkins@example.net
Peter,Klein,peterklein@example.net
Shannon,Fitzpatrick,shannonfitzpatrick@example.org
Jonathan,Silva,jonathansilva@example.com
Teresa,Tucker,teresatucker@example.com
Kenneth,Reid,kennethreid@example.org
Jeremy,Hernandez,jeremyhernandez@example.com
Tracy,Lee,tracylee@example.com
Martha,Wright,marthawright@example.net
Christina,Perez,christinaperez@example.org
Mary,Blake,maryblake@example.org
Ronald,Ward,ronaldward@example.net
Brittany,Chung,brittanychung@example.org
Travis,Blair,travisblair@example.com
Dominique,Becker,dominiquebecker@example.org
Donna,Chan,donnachan@example.org
Kelly,Thompson,kellythompson@example.com
Samantha,Peterson,samanthapeterson@example.org
Todd,Stevens,toddstevens@example.com
Sydney,Harris,sydneyharris@example.com
Patrick,Nelson,patricknelson@example.net
Sandra,Bell,sandrabell@example.com
Margaret,Cross,margaretcross@example.org
Deborah,Jones,deborahjones@example.org
Christina,Nichols,christinanichols@example.net
Troy,Garza,troygarza@example.net
Linda,Cohen,lindacohen@example.net
Dustin,Moore,dustinmoore@example.com
Amanda,Garcia,amandagarcia@example.net
John,Hill,johnhill@example.net
David,Olsen,davidolsen@example.org
Gina,Acosta,ginaacosta@example.com
Andrea,Gallagher,andreagallagher@example.net
Frank,Schmidt,frankschmidt@example.org
Rebecca,Davis,rebeccadavis@example.com
Erin,Tapia,erintapia@example.org
Adam,Mayo,adammayo@example.com
Steven,Hess,stevenhess@example.com
Daniel,Moore,danielmoore@example.net
Lauren,Robbins,laurenrobbins@example.com
Cory,Schaefer,coryschaefer@example.net
Wayne,Stanley,waynestanley@example.com
Phillip,Johnson,phillipjohnson@example.org
Sophia,Guerrero,sophiaguerrero@example.com
Joan,Black,joanblack@example.com
Jennifer,Gomez,jennifergomez@example.org
Joshua,Ortega,joshuaortega@example.net
Melissa,Bryant,melissabryant@example.com
Julie,Herman,julieherman@example.net
Oscar,Mccoy,oscarmccoy@example.com
Joanne,Armstrong,joannearmstrong@example.net
Karen,Gilbert,karengilbert@example.org
David,Khan,davidkhan@example.com
John,Li,johnli@example.net
Cody,Payne,codypayne@example.net
Cheryl,Shepard,cherylshepard@example.org
Christy,Thompson,christythompson@example.net
Rachel,Mullins,rachelmullins@example.net
Russell,White,russellwhite@example.org
Mark,Freeman,markfreeman@example.com
Sarah,Austin,sarahaustin@example.com
Christine,Reese,christinereese@example.net
Christina,Pham,christinapham@example.org
Barbara,Scott,barbarascott@example.com
Jessica,Chan,jessicachan@example.net
Mark,Murillo,markmurillo@example.com
Lauren,Lane,laurenlane@example.org
Carlos,Sellers,carlossellers@example.com
Thomas,Cross,thomascross@example.com
Victor,Woodard,victorwoodard@example.net
Patricia,Hunter,patriciahunter@example.net
Lisa,Ramirez,lisaramirez@example.com
Karen,Vasquez,karenvasquez@example.org
Brianna,Garcia,briannagarcia@example.org
Jacob,Mejia,jacobmejia@example.com
Elizabeth,Brown,elizabethbrown@example.com
Stacy,Montgomery,stacymontgomery@example.com
April,Fuller,aprilfuller@example.net
James,Kim,jameskim@example.org
Mariah,Robinson,mariahrobinson@example.net
Cindy,Torres,cindytorres@example.org
Jennifer,Ross,jenniferross@example.org
David,Horton,davidhorton@example.org
Kevin,Miller,kevinmiller@example.net
Mercedes,Brewer,mercedesbrewer@example.net
Richard,Jones,richardjones@example.org
Brandon,Sanchez,brandonsanchez@example.org
Amy,Price,amyprice@example.net
Kimberly,Kerr,kimberlykerr@example.com
Cynthia,Hughes,cynthiahughes@example.net
Ross,Wilson,rosswilson@example.net
Jon,Perez,jonperez@example.net
Leslie,Nguyen,leslienguyen@example.org
Richard,Logan,richardlogan@example.org
Edgar,Hernandez,edgarhernandez@example.org
Jason,Miller,jasonmiller@example.com
Laura,Williams,laurawilliams@example.net
Tiffany,Villegas,tiffanyvillegas@example.org
Chad,Williams,chadwilliams@example.net
Makayla,Cameron,makaylacameron@example.org
Jennifer,Hill,jenniferhill@example.net
Justin,Wilson,justinwilson@example.net
Natalie,Luna,natalieluna@example.net
Donna,Baker,donnabaker@example.com
Matthew,Wright,matthewwright@example.com
Elizabeth,Wagner,elizabethwagner@example.com
Caleb,Evans,calebevans@example.net
Samantha,Hansen,samanthahansen@example.com
Brooke,Bean,brookebean@example.net
Tiffany,Anderson,tiffanyanderson@example.org
Michael,Rose,michaelrose@example.com
Amber,Johnson,amberjohnson@example.org
Sarah,Greene,sarahgreene@example.net
Susan,Hall,susanhall@example.net
Alexander,Cuevas,alexandercuevas@example.org
Zachary,Velasquez,zacharyvelasquez@example.com
Christina,Smith,christinasmith@example.net
Jacqueline,Bonilla,jacquelinebonilla@example.com
James,Castro,jamescastro@example.com
Deborah,Daniels,deborahdaniels@example.org
Michael,Hardy,michaelhardy@example.com
Casey,Davis,caseydavis@example.org
Scott,Benson,scottbenson@example.org
Jody,Bird,jodybird@example.org
John,Salas,johnsalas@example.com
Judy,Holder,judyholder@example.com
Michelle,Thompson,michellethompson@example.org
Autumn,Taylor,autumntaylor@example.net
Nathan,Sanchez,nathansanchez@example.org
Cathy,Brooks,cathybrooks@example.com
Dustin,Ford,dustinford@example.org
Nicole,Mcdonald,nicolemcdonald@example.com
David,Wright,davidwright@example.org
Mary,Fernandez,maryfernandez@example.com
Elaine,Hale,elainehale@example.org
Vanessa,Melton,vanessamelton@example.com
George,Carter,georgecarter@example.com
David,Perez,davidperez@example.com
Patty,Wilson,pattywilson@example.org
Julie,Gordon,juliegordon@example.net
Victoria,Reynolds,victoriareynolds@example.org
Shawn,Edwards,shawnedwards@example.org
Jesse,Romero,jesseromero@example.net
Stacey,Smith,staceysmith@example.com
Matthew,Alexander,matthewalexander@example.com
Mark,Nguyen,marknguyen@example.org
Summer,Woods,summerwoods@example.org
Julie,Page,juliepage@example.org
Ariel,Moore,arielmoore@example.com
Joseph,Reed,josephreed@example.org
Mary,Richardson,maryrichardson@example.com
Lisa,Fitzgerald,lisafitzgerald@example.org
Robert,Moore,robertmoore@example.org
Pamela,Sanchez,pamelasanchez@example.net
Jimmy,Kim,jimmykim@example.com
Sarah,White,sarahwhite@example.com
Tonya,Cooper,tonyacooper@example.net
Jason,Davis,jasondavis@example.com
Keith,Brown,keithbrown@example.org
Christopher,Douglas,christopherdouglas@example.com
Joseph,Anderson,josephanderson@example.net
Karen,Carter,karencarter@example.net
Arthur,Jacobs,arthurjacobs@example.org
Kevin,Rodriguez,kevinrodriguez@example.net
Derrick,Griffith,derrickgriffith@example.org
James,Pruitt,jamespruitt@example.org
Anita,Schroeder,anitaschroeder@example.com
Alexandria,Mckinney,alexandriamckinney@example.org
Emily,Edwards,emilyedwards@example.com
James,Lewis,jameslewis@example.org
Brett,King,brettking@example.com
Diana,Miles,dianamiles@example.net
Alexandra,Bartlett,alexandrabartlett@example.org
Sarah,Smith,sarahsmith@example.net
Bailey,Taylor,baileytaylor@example.org
Joshua,Greer,joshuagreer@example.net
David,Aguirre,davidaguirre@example.com
Sierra,Burton,sierraburton@example.com
Sarah,Scott,sarahscott@example.net
Tammy,Brown,tammybrown@example.net
Maria,Rogers,mariarogers@example.org
Kimberly,Murphy,kimberlymurphy@example.com
Randy,Bender,randybender@example.net
Rachel,Miller,rachelmiller@example.org
Dustin,Abbott,dustinabbott@example.org
Haley,Allen,haleyallen@example.org
Theresa,Jones,theresajones@example.org
Philip,Rodriguez,philiprodriguez@example.org
Charles,Green,charlesgreen@example.org
Donald,Smith,donaldsmith@example.net
Jacqueline,Watson,jacquelinewatson@example.com
Betty,Kaufman,bettykaufman@example.net
Jordan,Kelley,jordankelley@example.com
Rodney,Jackson,rodneyjackson@example.net
Brian,Torres,briantorres@example.net
Ashley,Ortiz,ashleyortiz@example.com
Jeffery,Walker,jefferywalker@example.com
Craig,Peters,craigpeters@example.net
Brenda,Green,brendagreen@example.org
Christina,Lopez,christinalopez@example.org
Heather,Reese,heatherreese@example.net
Raymond,Garcia,raymondgarcia@example.net
George,Allen,georgeallen@example.org
Nathan,Wilkins,nathanwilkins@example.com
Amanda,Foley,amandafoley@example.com
Alison,Wells,alisonwells@example.com
Sharon,Smith,sharonsmith@example.org
Paul,Combs,paulcombs@example.org
Charles,Mosley,charlesmosley@example.net
John,Edwards,johnedwards@example.net
Brian,Carroll,briancarroll@example.org
Jennifer,Rodriguez,jenniferrodriguez@example.org
Katherine,Baker,katherinebaker@example.net
Sean,Hobbs,seanhobbs@example.com
Peter,Goodman,petergoodman@example.net
Zachary,Brown,zacharybrown@example.net
Christine,Ibarra,christineibarra@example.org
Morgan,Allen,morganallen@example.net
Felicia,Huynh,feliciahuynh@example.net
Daniel,Vang,danielvang@example.org
Allison,Newman,allisonnewman@example.com
Maria,Evans,mariaevans@example.org
Jessica,Orr,jessicaorr@example.net
Benjamin,Watkins,benjaminwatkins@example.com
Henry,Jones,henryjones@example.org
Laura,Graham,lauragraham@example.net
Renee,Crosby,reneecrosby@example.com
Christina,Harper,christinaharper@example.net
Jeremy,Boyd,jeremyboyd@example.org
Susan,Scott,susanscott@example.org
Jonathan,Leon,jonathanleon@example.org
Jonathan,Brown,jonathanbrown@example.org
Alexander,Pugh,alexanderpugh@example.net
Christopher,Stewart,christopherstewart@example.com
Paul,Lee,paullee@example.net
Justin,Pitts,justinpitts@example.com
John,Solis,johnsolis@example.net
Brian,Perez,brianperez@example.com
Christina,Charles,christinacharles@example.org
Bradley,Norton,bradleynorton@example.net
Joseph,Moore,josephmoore@example.net
Meghan,Miller,meghanmiller@example.org
Eddie,Miller,eddiemiller@example.net
Diane,Shaw,dianeshaw@example.net
Ashley,Espinoza,ashleyespinoza@example.com
Joshua,Dalton,joshuadalton@example.com
Jamie,Crawford,jamiecrawford@example.com
Andrew,Jackson,andrewjackson@example.com
Wendy,Garrett,wendygarrett@example.com
Martha,Lambert,marthalambert@example.org
Jason,Smith,jasonsmith@example.net
James,Smith,jamessmith@example.com
Jordan,Flores,jordanflores@example.net
Carmen,Nichols,carmennichols@example.net
Matthew,Jenkins,matthewjenkins@example.org
Anthony,Peterson,anthonypeterson@example.net
Craig,Bell,craigbell@example.org
Amanda,Johnson,amandajohnson@example.com
Kimberly,Stevens,kimberlystevens@example.com
Scott,Garcia,scottgarcia@example.org
Wesley,Smith,wesleysmith@example.org
Jennifer,Mann,jennifermann@example.org
Joshua,Hernandez,joshuahernandez@example.org
Sara,Cook,saracook@example.com
Angelica,Baxter,angelicabaxter@example.net
Shirley,Brown,shirleybrown@example.net
Grant,Green,grantgreen@example.com
Michele,Ramirez,micheleramirez@example.net
Darren,Smith,darrensmith@example.com
Charlene,Huang,charlenehuang@example.com
Tyler,Bright,tylerbright@example.net
Denise,Bryant,denisebryant@example.com
Kathryn,Foley,kathrynfoley@example.org
Alexander,Shaw,alexandershaw@example.org
Danielle,Stevens,daniellestevens@example.org
Laura,Obrien,lauraobrien@example.net
Megan,Schneider,meganschneider@example.net
Joshua,Stone,joshuastone@example.com
Deborah,Wu,deborahwu@example.com
Barbara,Smith,barbarasmith@example.org
Allison,Crosby,allisoncrosby@example.com
Michael,Nelson,michaelnelson@example.net
Debra,Chang,debrachang@example.net
Brenda,Petty,brendapetty@example.com
Jim,Thomas,jimthomas@example.org
Robert,Kelley,robertkelley@example.net
Linda,Thomas,lindathomas@example.com
Jesse,Harper,jesseharper@example.net
Anthony,Tucker,anthonytucker@example.org
Steven,Alvarez,stevenalvarez@example.net
Frank,Diaz,frankdiaz@example.net
Daniel,Preston,danielpreston@example.net
Jordan,Turner,jordanturner@example.com
Brandon,Thompson,brandonthompson@example.net
Timothy,Ortega,timothyortega@example.net
Nancy,Bryant,nancybryant@example.com
Laura,Ross,lauraross@example.net
Michael,Lamb,michaellamb@example.org
Christopher,Barnes,christopherbarnes@example.net
Micheal,Hopkins,michealhopkins@example.com
Shawn,Martin,shawnmartin@example.com
Philip,Bailey,philipbailey@example.org
Hannah,Kelly,hannahkelly@example.com
Sabrina,Mckee,sabrinamckee@example.org
Alex,Padilla,alexpadilla@example.net
Michael,Butler,michaelbutler@example.com
Jessica,Mills,jessicamills@example.com
Charles,Hernandez,charleshernandez@example.net
Samantha,Wall,samanthawall@example.org
Sydney,Mayo,sydneymayo@example.net
Tiffany,Weaver,tiffanyweaver@example.org
Stephen,Brown,stephenbrown@example.com
Kristine,Brooks,kristinebrooks@example.org
Angela,Hunt,angelahunt@example.net
Kevin,Brown,kevinbrown@example.net
James,Mullins,jamesmullins@example.org
Hunter,Davis,hunterdavis@example.net
Heather,Jackson,heatherjackson@example.org
Michael,Warren,michaelwarren@example.org
Douglas,Martin,douglasmartin@example.org
Vicki,Orr,vickiorr@example.net
Gloria,Suarez,gloriasuarez@example.org
Daniel,Parks,danielparks@example.org
Christopher,Allen,christopherallen@example.net
Paul,Patrick,paulpatrick@example.org
Christie,Smith,christiesmith@example.org
Mary,Robertson,maryrobertson@example.org
Nicholas,Garner,nicholasgarner@example.net
William,Ryan,williamryan@example.com
Brent,Meadows,brentmeadows@example.net
Alexandra,Mcconnell,alexandramcconnell@example.net
Brian,Hansen,brianhansen@example.com
Jesus,Weber,jesusweber@example.org
Kimberly,Robinson,kimberlyrobinson@example.org
Valerie,Vasquez,valerievasquez@example.org
Jason,Harrell,jasonharrell@example.net
James,Bell,jamesbell@example.org
Nicole,Burns,nicoleburns@example.org
Eric,Watts,ericwatts@example.org
Dustin,Anderson,dustinanderson@example.net
April,Arnold,aprilarnold@example.com
Ralph,Hudson,ralphhudson@example.org
Michael,Fisher,michaelfisher@example.com
Becky,White,beckywhite@example.org
Melissa,Parker,melissaparker@example.net
Mark,Jordan,markjordan@example.org
Jessica,Sims,jessicasims@example.org
Vincent,Alvarado,vincentalvarado@example.org
Randy,Carson,randycarson@example.net
Justin,Williams,justinwilliams@example.org
Charles,Ortiz,charlesortiz@example.net
Richard,Blair,richardblair@example.org
Erin,May,erinmay@example.net
Julie,Williams,juliewilliams@example.org
Katherine,Summers,katherinesummers@example.net
Evelyn,Mcgee,evelynmcgee@example.net
Matthew,Holland,matthewholland@example.com
Katelyn,Kelly,katelynkelly@example.org
Angela,Williams,angelawilliams@example.com
Travis,Grant,travisgrant@example.com
Juan,Bush,juanbush@example.org
Michaela,Anderson,michaelaanderson@example.com
John,Hunt,johnhunt@example.org
Jared,Cook,jaredcook@example.org
James,Moore,jamesmoore@example.org
Maria,Martinez,mariamartinez@example.com
James,Lee,jameslee@example.com
Calvin,Burton,calvinburton@example.org
Eric,Contreras,ericcontreras@example.org
Kimberly,Montes,kimberlymontes@example.com
Jesus,Mahoney,jesusmahoney@example.com
Peter,Henderson,peterhenderson@example.com
Kelly,Johnson,kellyjohnson@example.org
Cody,Coleman,codycoleman@example.org
Gary,Moran,garymoran@example.com
Anthony,Evans,anthonyevans@example.net
Brian,Bentley,brianbentley@example.org
Andrew,Lowery,andrewlowery@example.org
Kelli,Medina,kellimedina@example.com
Debra,Thomas,debrathomas@example.com
Jeff,Franklin,jefffranklin@example.net
Justin,Cole,justincole@example.net
Thomas,Aguilar,thomasaguilar@example.com
Jason,Potter,jasonpotter@example.net
Matthew,Fowler,matthewfowler@example.net
Corey,Ruiz,coreyruiz@example.com
Jessica,Jensen,jessicajensen@example.com
Amanda,Wallace,amandawallace@example.org
Michael,Hodges,michaelhodges@example.org
Jill,Ibarra,jillibarra@example.net
Jeremy,Cooper,jeremycooper@example.net
Ralph,Perez,ralphperez@example.com
Jose,Bonilla,josebonilla@example.net
Debbie,Martinez,debbiemartinez@example.org
Jennifer,Lopez,jenniferlopez@example.org
Carolyn,Jones,carolynjones@example.net
Joe,Brooks,joebrooks@example.net
Wendy,Hunter,wendyhunter@example.com
Michael,Miller,michaelmiller@example.net
Christina,Smith,christinasmith@example.net
Carrie,Jacobson,carriejacobson@example.org
Connie,Smith,conniesmith@example.org
Linda,Flores,lindaflores@example.net
Charles,Burns,charlesburns@example.com
Jennifer,White,jenniferwhite@example.net
Albert,Lynch,albertlynch@example.org
Abigail,Saunders,abigailsaunders@example.org
Anita,Campos,anitacampos@example.org
Alexandra,Harrison,alexandraharrison@example.org
Stephanie,Small,stephaniesmall@example.net
Rebecca,Dominguez,rebeccadominguez@example.net
Barry,Bishop,barrybishop@example.com
Lauren,Nash,laurennash@example.net
Anita,Page,anitapage@example.net
Pamela,Stanley,pamelastanley@example.org
Deborah,Arnold,deboraharnold@example.com
Jennifer,Dunn,jenniferdunn@example.org
Terry,Cortez,terrycortez@example.com
Michael,Macdonald,michaelmacdonald@example.com
William,Kim,williamkim@example.org
Barbara,Cummings,barbaracummings@example.org
Hailey,Chan,haileychan@example.net
Kathryn,Michael,kathrynmichael@example.com
Nicole,Cooper,nicolecooper@example.org
Sarah,Peters,sarahpeters@example.org
Rodney,Cherry,rodneycherry@example.net
Anthony,Mcintyre,anthonymcintyre@example.org
Lori,Turner,loriturner@example.org
Timothy,Brown,timothybrown@example.org
Christine,Potter,christinepotter@example.com
Emily,Ponce,emilyponce@example.net
Jeffrey,Jacobson,jeffreyjacobson@example.org
John,Miller,johnmiller@example.org
Cynthia,Burns,cynthiaburns@example.org
Cheyenne,Lopez,cheyennelopez@example.com
Anthony,Payne,anthonypayne@example.com
Bryan,Robinson,bryanrobinson@example.net
Daniel,Hansen,danielhansen@example.org
Michael,Graham,michaelgraham@example.com
Timothy,Reyes,timothyreyes@example.org
Timothy,Knight,timothyknight@example.com
Rick,Carney,rickcarney@example.com
Caitlin,Bonilla,caitlinbonilla@example.net
Cassandra,Gomez,cassandragomez@example.com
Nina,Henson,ninahenson@example.net
Nicole,Love,nicolelove@example.org
Jesus,Robertson,jesusrobertson@example.org
Tara,Lopez,taralopez@example.com
Amanda,Duke,amandaduke@example.org
Susan,Conrad,susanconrad@example.org
Joanna,Lee,joannalee@example.com
Christopher,Griffin,christophergriffin@example.org
Julie,Wong,juliewong@example.com
Linda,Lopez,lindalopez@example.net
Lisa,Lewis,lisalewis@example.com
Louis,Sharp,louissharp@example.org
Matthew,Bailey,matthewbailey@example.com
Danny,Owens,dannyowens@example.net
Ryan,Allen,ryanallen@example.net
Shawn,Allen,shawnallen@example.net
Mark,Nelson,marknelson@example.org
Amanda,Valenzuela,amandavalenzuela@example.com
Curtis,Byrd,curtisbyrd@example.org
Bruce,Kerr,brucekerr@example.net
Michael,Tucker,michaeltucker@example.org
Gary,Lara,garylara@example.net
Jessica,Grant,jessicagrant@example.org
Jill,Moreno,jillmoreno@example.net
Jesse,Acosta,jesseacosta@example.org
Joshua,Johnson,joshuajohnson@example.net
Douglas,Roberts,douglasroberts@example.org
Christina,Howell,christinahowell@example.org
Michael,Hardy,michaelhardy@example.org
David,Anderson,davidanderson@example.com
Terrence,Tucker,terrencetucker@example.net
Brenda,Bernard,brendabernard@example.org
Mark,Brown,markbrown@example.net
Dillon,Collins,dilloncollins@example.org
Heather,Dalton,heatherdalton@example.net
Madeline,Pratt,madelinepratt@example.net
Daniel,Thompson,danielthompson@example.net
Chelsea,Avila,chelseaavila@example.org
Jessica,Ford,jessicaford@example.org
Amanda,Baker,amandabaker@example.org
Andrew,Bryant,andrewbryant@example.net
Denise,Williams,denisewilliams@example.org
Eric,Jenkins,ericjenkins@example.net
Jamie,Knight,jamieknight@example.org
Jason,Williams,jasonwilliams@example.org
Andrew,Gray,andrewgray@example.com
Daniel,Walters,danielwalters@example.org
Erica,Evans,ericaevans@example.com
Michael,Shields,michaelshields@example.com
Heather,Mccoy,heathermccoy@example.com
Nicholas,Carpenter,nicholascarpenter@example.org
Edgar,Aguirre,edgaraguirre@example.com
Miguel,Martin,miguelmartin@example.org
Brian,Melton,brianmelton@example.net
Tracey,Pierce,traceypierce@example.com
Douglas,Young,douglasyoung@example.com
Angel,Palmer,angelpalmer@example.org
Debbie,Pitts,debbiepitts@example.com
Christina,Frost,christinafrost@example.com
Eric,Byrd,ericbyrd@example.com
Carlos,Lopez,carloslopez@example.net
Dustin,Cox,dustincox@example.net
Alyssa,Brown,alyssabrown@example.net
Christopher,Sanchez,christophersanchez@example.net
John,Snow,johnsnow@example.net
Laura,Reynolds,laurareynolds@example.com
Kristine,Watson,kristinewatson@example.net
Cristian,Clayton,cristianclayton@example.com
Stephanie,Ayers,stephanieayers@example.org
Jessica,Berg,jessicaberg@example.org
Isabel,Carpenter,isabelcarpenter@example.net
Amanda,Blanchard,amandablanchard@example.net
Brett,Horton,bretthorton@example.com
Marcia,Walker,marciawalker@example.org
Travis,Mullins,travismullins@example.net
Jennifer,Alvarado,jenniferalvarado@example.net
Debbie,Turner,debbieturner@example.net
Matthew,Johnson,matthewjohnson@example.org
Brianna,Farrell,briannafarrell@example.com
Joel,Ellison,joelellison@example.net
Victoria,Copeland,victoriacopeland@example.org
Sharon,Williams,sharonwilliams@example.org
Dustin,Webb,dustinwebb@example.org
Kimberly,Downs,kimberlydowns@example.org
Jamie,West,jamiewest@example.net
Vincent,Ware,vincentware@example.com
Scott,Salas,scottsalas@example.net
James,Harris,jamesharris@example.org
Amanda,Ramos,amandaramos@example.com
Kyle,Baldwin,kylebaldwin@example.net
Lorraine,Baker,lorrainebaker@example.net
Terri,Phillips,terriphillips@example.net
Eric,Stewart,ericstewart@example.org
Dawn,Myers,dawnmyers@example.org
Connie,Mitchell,conniemitchell@example.net
Samantha,Houston,samanthahouston@example.org
James,Flores,jamesflores@example.net
Sheila,Cooper,sheilacooper@example.com
Wesley,Torres,wesleytorres@example.org
Matthew,Alvarez,matthewalvarez@example.com
Christopher,Clements,christopherclements@example.org
Shawn,Brown,shawnbrown@example.org
Eric,Campbell,ericcampbell@example.com
John,White,johnwhite@example.com
Sara,Martin,saramartin@example.org
Charles,Fox,charlesfox@example.com
Kayla,Jones,kaylajones@example.net
Erin,Gutierrez,eringutierrez@example.org
Stacy,Morgan,stacymorgan@example.org
Shawn,Rodgers,shawnrodgers@example.org
Bianca,Martin,biancamartin@example.net
Jessica,Aguilar,jessicaaguilar@example.com
Thomas,Johnson,thomasjohnson@example.org
Rebecca,Clements,rebeccaclements@example.org
Keith,Ewing,keithewing@example.net
Zachary,Jones,zacharyjones@example.net
Danielle,Reed,daniellereed@example.com
Kristin,Joseph,kristinjoseph@example.net
Timothy,Harris,timothyharris@example.net
Jasmine,Castillo,jasminecastillo@example.com
Austin,Gonzales,austingonzales@example.org
Jeffery,Gray,jefferygray@example.org
Donna,Rios,donnarios@example.org
Jennifer,Perry,jenniferperry@example.org
Angel,Johnston,angeljohnston@example.net
Alexander,Hart,alexanderhart@example.com
Nicole,Conner,nicoleconner@example.org
Katherine,Brady,katherinebrady@example.com
Mark,Snow,marksnow@example.org
Craig,Williams,craigwilliams@example.net
Billy,Griffin,billygriffin@example.net
Matthew,Carpenter,matthewcarpenter@example.net
Donna,White,donnawhite@example.org
Rachel,Harris,rachelharris@example.org
Olivia,Williams,oliviawilliams@example.com
Richard,Hamilton,richardhamilton@example.net
David,Riddle,davidriddle@example.net
Daniel,Mccarty,danielmccarty@example.com
Gilbert,Wilkinson,gilbertwilkinson@example.net
Spencer,Hall,spencerhall@example.net
Danielle,Carter,daniellecarter@example.net
Philip,King,philipking@example.net
Nicole,Reeves,nicolereeves@example.org
Jacob,Miller,jacobmiller@example.com
Tracey,Rodriguez,traceyrodriguez@example.net
Meagan,Coleman,meagancoleman@example.org
Mark,Costa,markcosta@example.com
Spencer,Goodman,spencergoodman@example.org
Dawn,Eaton,dawneaton@example.com
Craig,Ortiz,craigortiz@example.org
Ana,Hernandez,anahernandez@example.net
James,Cruz,jamescruz@example.org
Rhonda,Conner,rhondaconner@example.net
Chloe,Gonzalez,chloegonzalez@example.org
Amanda,Davenport,amandadavenport@example.com
Lisa,Olson,lisaolson@example.net
Dana,Brewer,danabrewer@example.com
Robert,Joseph,robertjoseph@example.org
Barbara,Underwood,barbaraunderwood@example.org
Stacey,Brown,staceybrown@example.org
Michelle,Patel,michellepatel@example.com
Brandon,Riley,brandonriley@example.com
Maria,Bell,mariabell@example.com
Pamela,Taylor,pamelataylor@example.com
Jason,Turner,jasonturner@example.com
Melissa,Parrish,melissaparrish@example.net
Heather,Taylor,heathertaylor@example.com
Isabel,Taylor,isabeltaylor@example.net
Haley,Scott,haleyscott@example.org
Katherine,Smith,katherinesmith@example.net
Christopher,Ward,christopherward@example.org
April,Valdez,aprilvaldez@example.com
Desiree,Bryant,desireebryant@example.org
Lisa,Tucker,lisatucker@example.com
Christina,Carrillo,christinacarrillo@example.com
Micheal,Lester,micheallester@example.net
Julian,Patterson,julianpatterson@example.org
Amanda,Stone,amandastone@example.net
Sarah,Brown,sarahbrown@example.org
Emily,Camacho,emilycamacho@example.org
Randy,Hampton,randyhampton@example.org
Paula,Johnson,paulajohnson@example.com
Lee,Singleton,leesingleton@example.net
Catherine,Perez,catherineperez@example.org
David,Dixon,daviddixon@example.org
Richard,Young,richardyoung@example.org
Grant,Harrell,grantharrell@example.com
Amber,Stewart,amberstewart@example.com
Victor,Velazquez,victorvelazquez@example.net
Crystal,Hayes,crystalhayes@example.org
Laura,Shields,laurashields@example.com
Heather,Ross,heatherross@example.net
Henry,Williams,henrywilliams@example.net
Karla,Andersen,karlaandersen@example.net
Zachary,Burgess,zacharyburgess@example.org
Robert,Trevino,roberttrevino@example.com
Anthony,Garcia,anthonygarcia@example.org
Lauren,Carter,laurencarter@example.net
April,Reynolds,aprilreynolds@example.org
Anthony,Richardson,anthonyrichardson@example.net
Meghan,Anderson,meghananderson@example.org
Melissa,Wallace,melissawallace@example.net
Tracie,Edwards,tracieedwards@example.com
Jason,Wright,jasonwright@example.org
Ashley,Molina,ashleymolina@example.com
Jacob,Rose,jacobrose@example.net
Sarah,Ford,sarahford@example.com
Ashley,Lynch,ashleylynch@example.net
Luis,Stewart,luisstewart@example.net
James,Wilson,jameswilson@example.net
Julie,Little,julielittle@example.org
Michael,Roach,michaelroach@example.net
Jessica,Manning,jessicamanning@example.org
Donald,Gonzalez,donaldgonzalez@example.net
Tiffany,Ellison,tiffanyellison@example.net
Victor,Estrada,victorestrada@example.net
Tracey,Thomas,traceythomas@example.org
Melissa,Cervantes,melissacervantes@example.org
Melissa,Webb,melissawebb@example.com
Nancy,Berg,nancyberg@example.org
Felicia,Cole,feliciacole@example.org
Crystal,Johnson,crystaljohnson@example.org
Theresa,Booth,theresabooth@example.com
Olivia,Gomez,oliviagomez@example.com
Devin,Neal,devinneal@example.com
Jennifer,Baker,jenniferbaker@example.net
Frederick,Woods,frederickwoods@example.com
Amy,Torres,amytorres@example.net
Paul,Lyons,paullyons@example.net
Amanda,Camacho,amandacamacho@example.net
John,Smith,johnsmith@example.org
John,Gibbs,johngibbs@example.org
Brittany,Hernandez,brittanyhernandez@example.org
Sarah,Bautista,sarahbautista@example.org
Curtis,Walker,curtiswalker@example.com
Brandon,Peters,brandonpeters@example.com
Matthew,Rogers,matthewrogers@example.com
Amanda,Martinez,amandamartinez@example.com
Julia,Torres,juliatorres@example.net
Nicole,Collins,nicolecollins@example.com
Katie,Cole,katiecole@example.com
Veronica,Holland,veronicaholland@example.org
Autumn,Henry,autumnhenry@example.net
Brandi,Johnson,brandijohnson@example.net
Katrina,Mann,katrinamann@example.org
Susan,Haynes,susanhaynes@example.net
Scott,Rose,scottrose@example.com
David,Russo,davidrusso@example.org
Erik,Fletcher,erikfletcher@example.org
Tracy,Barber,tracybarber@example.net
Bryan,Haley,bryanhaley@example.org
Kristen,Collins,kristencollins@example.net
Paul,Jackson,pauljackson@example.com
Mitchell,Carter,mitchellcarter@example.net
Melissa,Adams,melissaadams@example.net
William,Mason,williammason@example.org
Heather,Maldonado,heathermaldonado@example.com
Joel,Moore,joelmoore@example.com
Allison,Barrett,allisonbarrett@example.net
Annette,Wolf,annettewolf@example.org
Ronald,Smith,ronaldsmith@example.net
Misty,Andrews,mistyandrews@example.com
Megan,Huffman,meganhuffman@example.com
Wendy,Dickson,wendydickson@example.com
Wendy,Thomas,wendythomas@example.org
Michelle,Mullen,michellemullen@example.net
Michelle,Sims,michellesims@example.com
Justin,Davis,justindavis@example.net
Stephen,Young,stephenyoung@example.org
Kyle,Ross,kyleross@example.org
Kristen,George,kristengeorge@example.org
Alyssa,Meyer,alyssameyer@example.org
Lawrence,Nicholson,lawrencenicholson@example.net
Victoria,Moore,victoriamoore@example.net
James,Parker,jamesparker@example.com
Bethany,Baldwin,bethanybaldwin@example.com